Token_Number,Layer_0_Compute_ms,Layer_0_IO_ms,Layer_1_Compute_ms,Layer_1_IO_ms,Layer_2_Compute_ms,Layer_2_IO_ms,Layer_3_Compute_ms,Layer_3_IO_ms,Layer_4_Compute_ms,Layer_4_IO_ms,Layer_5_Compute_ms,Layer_5_IO_ms,Layer_6_Compute_ms,Layer_6_IO_ms,Layer_7_Compute_ms,Layer_7_IO_ms,Layer_8_Compute_ms,Layer_8_IO_ms,Layer_9_Compute_ms,Layer_9_IO_ms,Layer_10_Compute_ms,Layer_10_IO_ms,Layer_11_Compute_ms,Layer_11_IO_ms,Layer_12_Compute_ms,Layer_12_IO_ms,Layer_13_Compute_ms,Layer_13_IO_ms,Layer_14_Compute_ms,Layer_14_IO_ms,Layer_15_Compute_ms,Layer_15_IO_ms,Total_Compute_ms,Total_IO_ms,Compute_StdDev,IO_StdDev
1,5.2991,150.1749,5.1663,0.3061,5.2216,0.2940,5.3506,0.3133,5.8250,0.2973,5.2209,0.2966,5.5885,0.2954,5.3892,0.2906,5.3523,0.3049,5.3329,0.2997,6.1877,0.4809,6.0985,0.3669,5.2912,0.2940,5.4305,0.3152,6.1374,0.3326,5.6889,0.3226,88.5806,154.9850,0.3359,36.2740
2,0.3440,0.1771,0.3099,0.1907,0.3178,0.1905,0.3192,0.1802,0.3195,0.1864,0.3226,0.1857,0.3185,0.1774,0.3181,0.1841,0.3512,0.2160,0.4761,0.2823,0.4768,0.2708,0.4108,0.2441,0.3519,0.2186,0.3760,0.2034,0.3448,0.1965,0.3335,0.1926,5.6908,3.2966,0.0521,0.0317
3,0.3567,0.2091,0.3579,0.2148,0.4752,0.9496,0.3662,0.2213,0.3498,0.1988,0.3495,0.1900,0.3457,0.2050,0.3419,0.1986,0.4025,0.9871,0.4532,0.2017,0.3405,0.1960,0.3345,0.1841,0.3362,0.1872,0.3529,0.2036,0.3312,0.1869,0.3295,0.1810,5.8231,4.7147,0.0416,0.2549
4,0.7544,0.1884,0.3505,0.2046,0.4089,0.2005,0.4249,0.2441,0.3462,0.1934,0.3386,0.1876,0.4089,0.2046,0.3541,0.2141,0.3812,0.2236,0.3531,0.1967,0.3388,0.1910,0.3474,0.1962,0.3357,0.1893,0.3345,0.1848,0.3335,0.1934,0.3395,0.1862,6.1500,3.1984,0.0998,0.0153
5,0.3698,0.1955,0.3901,0.3443,0.5693,0.2613,0.3555,0.1981,0.3510,0.1965,0.3390,0.1915,0.3572,0.1986,0.5295,0.3755,0.3455,0.1986,0.3366,0.1979,0.3314,0.1955,0.3617,0.2184,0.3400,0.1857,0.3467,0.1917,0.3402,0.1912,0.3459,0.1945,6.0093,3.5348,0.0675,0.0555
6,0.6034,0.3152,0.3526,0.2050,0.5372,0.2155,0.3700,0.2100,0.3533,0.2053,0.3629,0.2036,0.3462,0.1886,0.3672,0.2158,0.3510,0.2015,0.3476,0.2084,0.3395,0.1969,0.3304,0.1817,0.3407,0.1991,0.3443,0.1900,0.3383,0.1881,0.3362,0.1988,6.0208,3.3236,0.0750,0.0293
7,0.3581,0.1872,0.3457,0.2744,0.5641,0.3989,0.3636,0.2065,0.3414,0.1953,0.3514,0.1988,0.3440,0.1934,0.3591,0.2172,0.3414,0.1981,0.3471,0.1976,0.3521,0.1943,0.3474,0.2077,0.3474,0.1938,0.3459,0.1864,0.3393,0.1917,0.3433,0.1931,5.7914,3.4344,0.0526,0.0516
8,0.5436,0.3784,0.3579,0.2098,0.5636,0.4108,0.3512,0.1979,0.3638,0.2160,0.3498,0.2005,0.3417,0.1953,0.3428,0.1917,0.3417,0.1998,0.3500,0.1974,0.3419,0.1953,0.3343,0.1864,0.3328,0.1867,0.3614,0.1833,0.3381,0.1950,0.3328,0.1912,5.9474,3.5355,0.0695,0.0663
9,0.3567,0.1900,0.3595,0.2134,0.5310,0.2148,0.3579,0.1967,0.3703,0.2060,0.3657,0.1912,0.3440,0.1969,0.3946,0.2573,0.3600,0.2055,0.3719,0.2027,0.3583,0.2079,0.4253,0.2413,0.3414,0.1969,0.3417,0.1898,0.3459,0.1874,0.3324,0.1929,5.9566,3.2907,0.0464,0.0186
10,0.6230,0.3533,0.3786,0.2153,0.6340,0.4365,0.4666,0.2294,0.5710,0.3114,0.5486,0.2801,0.3989,0.2367,0.4082,0.2315,0.3700,0.2100,0.3774,0.2074,0.3545,0.1960,0.3469,0.1984,0.3507,0.1888,0.3409,0.1953,0.3312,0.1907,0.3319,0.1864,6.8324,3.8674,0.1033,0.0682
11,0.7107,0.3777,0.3581,0.2229,0.5496,0.3769,0.3548,0.2086,0.3502,0.2003,0.3607,0.2124,0.3560,0.1953,0.3471,0.1950,0.3424,0.2074,0.3428,0.1938,0.3517,0.1941,0.3448,0.1898,0.3436,0.1900,0.3395,0.1907,0.3548,0.1976,0.3479,0.1950,6.1545,3.5477,0.0972,0.0595
12,0.3998,0.2353,0.4895,0.3407,0.4418,0.3927,0.3676,0.2258,0.3550,0.2151,0.5059,0.2346,0.3736,0.2289,0.4952,0.2804,0.4849,0.2856,0.4964,0.2763,0.4895,0.2730,0.3853,0.2306,0.4065,0.2627,0.3884,0.2294,0.4890,0.2234,0.3493,0.2050,6.9177,4.1394,0.0573,0.0482
13,0.3955,0.1965,0.3593,0.3030,0.6552,0.4001,0.3600,0.2036,0.3486,0.1984,0.3488,0.1979,0.3471,0.1955,0.3376,0.1945,0.4015,0.2196,0.3624,0.2112,0.3440,0.1922,0.3345,0.1917,0.3393,0.2000,0.3402,0.1936,0.3369,0.1924,0.3314,0.1848,5.9423,3.4750,0.0758,0.0542
14,0.4165,0.2081,0.3691,0.2229,0.3853,0.2077,0.3517,0.1915,0.3898,0.2291,0.3681,0.2201,0.3898,0.2246,0.3574,0.2029,0.3579,0.1972,0.3598,0.1955,0.3433,0.1941,0.3467,0.1996,0.3431,0.1972,0.3440,0.1903,0.3295,0.1855,0.3335,0.1891,5.7855,3.2551,0.0229,0.0134
15,0.3645,0.1934,0.5388,0.3765,0.3555,0.1993,0.3514,0.2055,0.3457,0.2017,0.3471,0.1967,0.3455,0.1931,0.3538,0.1993,0.3428,0.1924,0.3581,0.2117,0.3355,0.1943,0.3438,0.1874,0.3462,0.1919,0.3326,0.1876,0.3333,0.1850,0.3407,0.1917,5.7354,3.3076,0.0473,0.0443
16,0.3562,0.1915,0.3688,0.3285,0.4637,0.2167,0.3624,0.2177,0.3691,0.2217,0.3536,0.2038,0.3521,0.2265,0.3531,0.1943,0.3502,0.1986,0.3526,0.1955,0.3600,0.2093,0.3455,0.1948,0.3350,0.1950,0.3390,0.1881,0.3760,0.2172,0.3510,0.2012,5.7883,3.4006,0.0283,0.0321
17,0.3858,0.1931,0.6034,0.4158,0.4535,0.2127,0.4165,0.2048,0.3729,0.2058,0.3607,0.2046,0.3464,0.2031,0.3536,0.2050,0.3772,0.2239,0.3531,0.1991,0.3579,0.2186,0.3467,0.1986,0.3507,0.1948,0.3538,0.2115,0.3500,0.2012,0.3383,0.1948,6.1204,3.4873,0.0639,0.0517
18,0.3614,0.1891,0.5739,0.3762,0.3536,0.2267,0.3731,0.2103,0.3738,0.2000,0.3641,0.2012,0.3657,0.2000,0.3481,0.1917,0.3600,0.2038,0.3617,0.2036,0.3569,0.1976,0.3421,0.1864,0.3459,0.1967,0.3402,0.1905,0.3636,0.1972,0.3498,0.1926,5.9340,3.3638,0.0533,0.0439
19,0.3667,0.2127,0.3707,0.3495,0.4497,0.2122,0.3784,0.2232,0.3726,0.2129,0.3619,0.2201,0.3581,0.2015,0.3524,0.1903,0.3469,0.1965,0.3731,0.2115,0.3541,0.1988,0.3417,0.1922,0.3481,0.1893,0.3428,0.1874,0.3846,0.2012,0.3445,0.1910,5.8463,3.3901,0.0254,0.0372
20,0.4587,0.2475,0.3889,0.2277,0.6132,0.4110,0.3731,0.2062,0.3705,0.2072,0.3514,0.1934,0.3598,0.2007,0.3529,0.1991,0.3619,0.2074,0.3595,0.2067,0.3650,0.2043,0.3438,0.2003,0.3450,0.1888,0.3598,0.2055,0.3517,0.1888,0.3464,0.1884,6.1016,3.4831,0.0655,0.0520
21,0.3750,0.2158,0.3655,0.2220,0.6366,0.4065,0.3853,0.2170,0.3655,0.2003,0.3819,0.2093,0.3693,0.2046,0.3657,0.2024,0.3707,0.2024,0.3626,0.1988,0.3722,0.1979,0.3572,0.1924,0.3548,0.1969,0.3588,0.1893,0.3469,0.1884,0.3648,0.2034,6.1328,3.4473,0.0661,0.0502
22,0.3717,0.1907,0.3603,0.3686,0.5553,0.3743,0.3691,0.2122,0.3576,0.2067,0.3548,0.2096,0.3555,0.1969,0.4363,0.2880,0.3731,0.2291,0.3650,0.2124,0.3545,0.2048,0.3526,0.1962,0.3474,0.2007,0.3643,0.2055,0.3641,0.2007,0.3483,0.1957,6.0298,3.6924,0.0502,0.0575
23,0.3717,0.1965,0.3796,0.2215,0.6475,0.4416,0.3939,0.2434,0.4022,0.2244,0.3772,0.2053,0.3672,0.2024,0.3719,0.2286,0.3741,0.2165,0.3676,0.2050,0.3676,0.1950,0.3569,0.1986,0.3517,0.2015,0.3526,0.2050,0.3471,0.1910,0.3474,0.1891,6.1762,3.5653,0.0692,0.0583
24,0.5748,0.3510,0.3707,0.2201,0.5300,0.3848,0.3598,0.1988,0.4132,0.2379,0.3808,0.2086,0.3803,0.2105,0.3808,0.1986,0.3610,0.2139,0.3502,0.2079,0.3467,0.1931,0.3502,0.1955,0.3483,0.1924,0.3676,0.1905,0.3448,0.1934,0.3743,0.2091,6.2335,3.6061,0.0644,0.0555
25,0.3803,0.2027,0.3705,0.2072,0.5088,0.3939,0.3636,0.2031,0.3669,0.2079,0.3693,0.2110,0.3564,0.2019,0.3536,0.1996,0.3531,0.1903,0.3536,0.1965,0.3462,0.1917,0.3648,0.2055,0.3531,0.1922,0.3614,0.2041,0.3796,0.2210,0.3562,0.1984,5.9373,3.4268,0.0368,0.0470
26,0.4139,0.2210,0.3622,0.2148,0.6618,0.4549,0.4110,0.2317,0.3719,0.1996,0.3586,0.1984,0.3972,0.2155,0.4745,0.2432,0.4084,0.2978,0.4287,0.2799,0.4194,0.2482,0.4160,0.2439,0.3700,0.2289,0.3643,0.2012,0.3653,0.2127,0.3657,0.1969,6.5889,3.8886,0.0717,0.0614
27,0.4201,0.2232,0.3781,0.2129,0.6189,0.3846,0.3650,0.2100,0.3581,0.2015,0.3660,0.1965,0.3731,0.2174,0.3660,0.1984,0.3779,0.2110,0.4141,0.2353,0.3808,0.2072,0.3586,0.1967,0.3572,0.2005,0.4141,0.2451,0.3760,0.2055,0.3743,0.1955,6.2983,3.5412,0.0614,0.0443
28,0.4144,0.2031,0.3717,0.4017,0.3877,0.2139,0.3557,0.2038,0.3502,0.1984,0.3726,0.2081,0.3788,0.2077,0.3505,0.2012,0.3517,0.2077,0.3555,0.1986,0.3588,0.2000,0.3581,0.1972,0.3486,0.1912,0.5791,0.6058,0.3614,0.1986,0.3555,0.1950,6.0503,3.8321,0.0545,0.1063
29,0.3979,0.2258,0.3746,0.2103,0.6599,0.4058,0.3653,0.2229,0.3817,0.2151,0.3915,0.2160,0.3693,0.2177,0.3574,0.1957,0.3550,0.2027,0.3572,0.1948,0.3626,0.2086,0.3450,0.1960,0.3555,0.2117,0.3557,0.1957,0.3529,0.2012,0.3772,0.2081,6.1586,3.5281,0.0724,0.0488
30,0.6001,0.3579,0.3724,0.2191,0.5643,0.3846,0.3693,0.2067,0.3734,0.2069,0.3569,0.2046,0.3581,0.1991,0.3660,0.1929,0.3724,0.2055,0.3619,0.2146,0.3643,0.2086,0.3891,0.2170,0.3746,0.2060,0.3560,0.1969,0.4210,0.1972,0.4067,0.2351,6.4065,3.6526,0.0711,0.0551
31,0.4127,0.2198,0.3860,0.2229,0.6185,0.4873,0.3905,0.2263,0.3698,0.2162,0.3636,0.2136,0.3610,0.1993,0.3614,0.2017,0.3703,0.1996,0.3593,0.2017,0.3650,0.2239,0.3471,0.1915,0.3409,0.1876,0.3695,0.2024,0.3476,0.1957,0.3572,0.2069,6.1204,3.5965,0.0633,0.0688
32,0.5810,0.2749,0.3922,0.2341,0.4656,0.3266,0.4160,0.2248,0.3598,0.2117,0.3607,0.2012,0.3648,0.2065,0.3624,0.1993,0.3529,0.2139,0.3743,0.2072,0.3574,0.1953,0.5746,0.2842,0.3960,0.2289,0.3874,0.2244,0.3681,0.2069,0.3626,0.2151,6.4759,3.6550,0.0710,0.0351
33,0.4210,0.2258,0.3810,0.2210,0.6886,0.4299,0.3805,0.2298,0.3591,0.2196,0.3514,0.2103,0.3593,0.2069,0.3521,0.1981,0.3679,0.2105,0.3631,0.2010,0.3517,0.1957,0.3464,0.1934,0.3450,0.1960,0.3555,0.1957,0.3464,0.1934,0.3390,0.1953,6.1080,3.5224,0.0815,0.0554
34,0.4306,0.2258,0.3829,0.2236,0.5906,0.3154,0.3815,0.2272,0.3769,0.2174,0.3569,0.2000,0.3529,0.1974,0.3519,0.2084,0.3548,0.2019,0.3593,0.2103,0.3557,0.2015,0.3402,0.1965,0.3786,0.1976,0.3538,0.1969,0.3450,0.2129,0.3405,0.1938,6.0520,3.4268,0.0590,0.0283
35,0.4315,0.2332,0.3889,0.2158,0.7124,0.4294,0.3796,0.2224,0.3791,0.2048,0.3695,0.2065,0.3633,0.1984,0.3619,0.2122,0.3731,0.2077,0.3612,0.2136,0.3834,0.2367,0.3579,0.2081,0.3619,0.2069,0.3567,0.1943,0.3660,0.1936,0.3393,0.1867,6.2857,3.5703,0.0847,0.0548
36,0.4447,0.2248,0.4003,0.2229,0.4003,0.2537,0.3939,0.2320,0.3707,0.2062,0.3622,0.1984,0.3700,0.2189,0.4387,0.2155,0.3996,0.2367,0.4079,0.2165,0.3633,0.2086,0.3624,0.2055,0.3738,0.2007,0.3486,0.1981,0.3743,0.1988,0.3674,0.1926,6.1781,3.4301,0.0268,0.0161
37,0.6599,0.4063,0.3977,0.2208,0.4072,0.2396,0.3831,0.2255,0.3557,0.2041,0.3633,0.2065,0.4060,0.2315,0.3798,0.2112,0.3643,0.2053,0.3719,0.2003,0.3743,0.2017,0.3591,0.1953,0.3514,0.1943,0.3481,0.1888,0.3407,0.1910,0.3729,0.2115,6.2356,3.5336,0.0723,0.0499
38,0.4294,0.2294,0.3881,0.2186,0.6709,0.4191,0.3955,0.2294,0.3650,0.2079,0.3548,0.2017,0.3633,0.1955,0.3881,0.2258,0.3874,0.2129,0.3774,0.2124,0.3631,0.2019,0.3474,0.1996,0.3636,0.2124,0.3545,0.1998,0.3583,0.2151,0.3746,0.2334,6.2816,3.6149,0.0745,0.0512
39,0.4296,0.2289,0.3991,0.2275,0.6678,0.4349,0.3848,0.2291,0.3881,0.2100,0.4046,0.2041,0.3576,0.2000,0.3772,0.2193,0.5531,0.2906,0.3960,0.2322,0.3765,0.2191,0.3586,0.2108,0.3681,0.2062,0.4532,0.1965,0.3700,0.2198,0.3607,0.2003,6.6452,3.7293,0.0805,0.0563
40,0.4139,0.2270,0.3932,0.2337,0.6299,0.4120,0.3648,0.2134,0.3614,0.2139,0.4783,0.2196,0.5791,0.4098,0.3989,0.2408,0.3779,0.2139,0.3920,0.2155,0.3736,0.1984,0.3688,0.2182,0.3836,0.2048,0.3526,0.1974,0.3824,0.2024,0.3448,0.1948,6.5951,3.8154,0.0790,0.0663
41,0.4249,0.2341,0.4020,0.2174,0.3872,0.4435,0.3536,0.2093,0.4382,0.2010,0.3595,0.2282,0.3810,0.2134,0.3717,0.2038,0.3681,0.2055,0.3567,0.1974,0.3519,0.1962,0.3710,0.1955,0.3512,0.1993,0.3574,0.1984,0.3679,0.1981,0.3588,0.2048,6.0010,3.5460,0.0253,0.0583
42,0.4139,0.2191,0.3817,0.3178,0.5684,0.2341,0.3653,0.2279,0.3603,0.2043,0.3734,0.2217,0.3610,0.2108,0.3555,0.2134,0.3567,0.2174,0.3521,0.2084,0.3500,0.2034,0.3810,0.2162,0.3762,0.2229,0.3645,0.2046,0.3545,0.1996,0.3750,0.2255,6.0894,3.5472,0.0509,0.0266
43,0.4230,0.2403,0.3879,0.2210,0.6208,0.4039,0.3722,0.2079,0.3648,0.2024,0.3662,0.2294,0.3726,0.2072,0.3796,0.2286,0.3688,0.2151,0.3815,0.2227,0.3564,0.2067,0.3576,0.1965,0.4230,0.2367,0.3870,0.2098,0.3724,0.2015,0.3533,0.2003,6.2871,3.6299,0.0621,0.0475
44,0.4206,0.2639,0.3865,0.2275,0.5829,0.3836,0.3610,0.2224,0.3560,0.2046,0.3817,0.2143,0.4652,0.2074,0.3695,0.2093,0.3700,0.2165,0.3555,0.1986,0.3717,0.1991,0.3874,0.1938,0.3555,0.2153,0.3717,0.2000,0.3800,0.2289,0.3774,0.2034,6.2926,3.5887,0.0558,0.0443
45,0.4394,0.2408,0.3886,0.2298,0.6146,0.3881,0.3684,0.2117,0.3562,0.2038,0.3648,0.2115,0.3607,0.2055,0.4001,0.2241,0.3965,0.2127,0.3667,0.2069,0.3757,0.1969,0.3512,0.2048,0.3536,0.1976,0.3638,0.1986,0.3474,0.2077,0.3641,0.2084,6.2118,3.5491,0.0627,0.0444
46,0.4201,0.2191,0.3872,0.3159,0.5794,0.2382,0.3619,0.2124,0.3600,0.2089,0.3502,0.1996,0.3762,0.1998,0.3829,0.2358,0.3765,0.2081,0.3827,0.2048,0.3738,0.2089,0.3788,0.1950,0.3519,0.2015,0.3586,0.1981,0.3803,0.2015,0.3572,0.2003,6.1777,3.4478,0.0526,0.0287
47,0.4206,0.3636,0.3974,0.2141,0.6173,0.4084,0.3715,0.2093,0.3824,0.2229,0.3607,0.2139,0.3531,0.2060,0.3510,0.1996,0.3519,0.2084,0.3595,0.2069,0.3529,0.2129,0.3762,0.2017,0.3405,0.1922,0.3445,0.1912,0.3700,0.1953,0.3641,0.2048,6.1135,3.6511,0.0639,0.0607
48,0.4489,0.2158,0.3910,0.2170,0.4227,0.2184,0.5126,0.4179,0.3629,0.2096,0.3769,0.2322,0.3662,0.2186,0.3827,0.2201,0.3686,0.2232,0.3655,0.2098,0.3495,0.1981,0.3495,0.1996,0.3574,0.2122,0.3510,0.1943,0.3433,0.1931,0.3388,0.1991,6.0875,3.5789,0.0443,0.0513
49,0.4237,0.2244,0.4048,0.2458,0.6852,0.4609,0.3738,0.2108,0.3672,0.2141,0.3552,0.2043,0.3624,0.1993,0.3607,0.2029,0.3707,0.2050,0.3810,0.2074,0.3643,0.2060,0.3407,0.1936,0.3519,0.1972,0.3631,0.2015,0.3502,0.2007,0.3636,0.2215,6.2187,3.5954,0.0791,0.0622
50,0.4275,0.3643,0.4003,0.2377,0.6294,0.3777,0.3650,0.2110,0.3605,0.2081,0.3536,0.2015,0.3538,0.2034,0.3555,0.2046,0.3555,0.2069,0.3524,0.2058,0.3564,0.2015,0.3595,0.2193,0.3567,0.1953,0.3459,0.1953,0.3767,0.1943,0.3746,0.2103,6.1233,3.6368,0.0668,0.0553
51,0.4282,0.3424,0.3924,0.2189,0.6189,0.3908,0.3633,0.2029,0.3548,0.2017,0.3474,0.1955,0.3457,0.1988,0.3483,0.2031,0.3467,0.1965,0.3541,0.2017,0.3543,0.2055,0.3469,0.2022,0.3469,0.1919,0.3507,0.1895,0.3426,0.2053,0.3927,0.2112,6.0339,3.5579,0.0664,0.0556
52,0.4172,0.2224,0.3915,0.2229,0.6261,0.3860,0.3669,0.2091,0.3741,0.2120,0.3479,0.2022,0.3579,0.1984,0.3679,0.1981,0.3629,0.2034,0.3712,0.2081,0.4003,0.2258,0.3650,0.2077,0.3548,0.1972,0.3440,0.1986,0.3746,0.1974,0.3598,0.2034,6.1820,3.4926,0.0646,0.0443
53,0.5524,0.3784,0.3850,0.2203,0.3779,0.3924,0.3662,0.2058,0.3717,0.2162,0.3908,0.2122,0.3686,0.2084,0.3610,0.2046,0.3738,0.2074,0.3514,0.1991,0.3710,0.1936,0.3641,0.2086,0.3612,0.1986,0.3614,0.1948,0.3474,0.1957,0.3598,0.2131,6.0637,3.6492,0.0461,0.0600
54,0.4303,0.2961,0.4010,0.2251,0.5999,0.3865,0.3726,0.2091,0.3560,0.2007,0.3524,0.1996,0.3576,0.2055,0.3848,0.2034,0.3722,0.2005,0.3488,0.1919,0.3648,0.2012,0.3505,0.2010,0.3419,0.1903,0.3414,0.1912,0.3455,0.1993,0.3767,0.1981,6.0964,3.4995,0.0610,0.0496
55,0.6063,0.3881,0.3884,0.2329,0.3822,0.3824,0.3581,0.2050,0.3636,0.2069,0.3543,0.2093,0.3567,0.2098,0.3700,0.2120,0.3493,0.1988,0.3629,0.2120,0.3557,0.2091,0.3581,0.2205,0.3891,0.2329,0.3629,0.2065,0.3510,0.2034,0.3703,0.2072,6.0787,3.7370,0.0597,0.0581
56,0.4256,0.2239,0.4032,0.2272,0.4134,0.4160,0.3655,0.2012,0.3555,0.2055,0.3560,0.2158,0.3848,0.1967,0.3610,0.2000,0.3560,0.1984,0.3595,0.2179,0.3579,0.2031,0.3905,0.2162,0.3700,0.2100,0.3674,0.2074,0.3803,0.1955,0.3495,0.1965,5.9960,3.5315,0.0221,0.0514
57,0.4284,0.2301,0.3974,0.2275,0.5918,0.3958,0.3724,0.2127,0.3743,0.2081,0.3567,0.2079,0.3567,0.2007,0.3734,0.2129,0.3638,0.2105,0.4058,0.2007,0.3488,0.1986,0.3409,0.1981,0.3831,0.2010,0.3610,0.2022,0.3493,0.2010,0.3588,0.2005,6.1626,3.5083,0.0578,0.0465
58,0.4344,0.2379,0.3970,0.2303,0.6080,0.3958,0.3765,0.2236,0.3731,0.2213,0.3924,0.2363,0.3743,0.2098,0.3970,0.2246,0.3946,0.2146,0.3691,0.2098,0.3772,0.2024,0.3490,0.2000,0.3729,0.1979,0.3800,0.2005,0.3557,0.2086,0.3631,0.2027,6.3143,3.6161,0.0584,0.0456
59,0.4263,0.2403,0.4015,0.2546,0.6421,0.4032,0.3688,0.2186,0.3932,0.2296,0.3691,0.2127,0.5829,0.3200,0.3989,0.2477,0.3829,0.2224,0.3693,0.2146,0.3684,0.2091,0.3672,0.2019,0.3557,0.1984,0.3572,0.1976,0.3579,0.1974,0.3855,0.2089,6.5267,3.7770,0.0802,0.0525
60,0.4556,0.2460,0.4184,0.2406,0.4334,0.4709,0.3755,0.2182,0.3862,0.2143,0.3517,0.2120,0.3607,0.2162,0.3703,0.2141,0.3815,0.2134,0.3662,0.2143,0.3779,0.2105,0.3881,0.2162,0.3529,0.2122,0.3495,0.2222,0.3502,0.2089,0.3471,0.2038,6.0654,3.7339,0.0309,0.0622
61,0.4332,0.2439,0.4010,0.2329,0.5829,0.4129,0.3817,0.2258,0.3858,0.2322,0.3977,0.2205,0.3738,0.2213,0.3672,0.2155,0.3712,0.2170,0.3605,0.2296,0.3757,0.2208,0.3610,0.2036,0.3626,0.2093,0.3564,0.2131,0.3543,0.1986,0.3655,0.2158,6.2306,3.7129,0.0537,0.0480
62,0.4206,0.2337,0.3848,0.2286,0.6475,0.3951,0.3808,0.2339,0.4275,0.2174,0.3796,0.2246,0.3693,0.2103,0.3619,0.2146,0.3972,0.2511,0.3715,0.2389,0.3583,0.2182,0.3510,0.2146,0.3574,0.2074,0.3638,0.2210,0.3667,0.2177,0.3576,0.2036,6.2954,3.7305,0.0690,0.0435
63,0.5748,0.4184,0.4079,0.2508,0.4089,0.2275,0.3810,0.2253,0.3862,0.2217,0.3705,0.2112,0.3822,0.2055,0.3753,0.2100,0.3667,0.2079,0.3631,0.2093,0.3643,0.2065,0.3755,0.2127,0.5302,0.5023,0.3800,0.2220,0.3839,0.2217,0.3886,0.2251,6.4392,3.9780,0.0587,0.0821
64,0.4425,0.2537,0.5343,0.2871,0.4189,0.2513,0.3839,0.2487,0.3898,0.2298,0.3982,0.2434,0.3753,0.2272,0.3698,0.2203,0.3624,0.2201,0.3817,0.2229,0.3743,0.2217,0.3715,0.2174,0.3934,0.2286,0.3812,0.2186,0.3736,0.2232,0.3896,0.2174,6.3403,3.7315,0.0405,0.0184
65,0.4473,0.2570,0.4063,0.2387,0.6938,0.5136,0.3910,0.2279,0.3803,0.2131,0.3693,0.2224,0.3951,0.2296,0.4063,0.2432,0.3855,0.2246,0.3815,0.2127,0.3827,0.2191,0.3777,0.2127,0.3722,0.2053,0.3641,0.2210,0.3707,0.2205,0.3841,0.2131,6.5076,3.8745,0.0766,0.0712
66,6.6609,0.5372,6.8533,0.4790,6.6969,0.4776,6.9141,0.4809,6.7484,0.4797,0.9916,0.5317,0.9592,0.5262,0.9975,0.5174,0.9594,0.4981,0.9925,0.5274,0.9906,0.5257,6.7735,0.4671,6.8643,0.4711,6.5019,0.4842,6.7592,0.4709,6.6700,0.4771,73.3335,7.9510,2.7912,0.0249
67,5.4281,0.2832,7.1268,0.3042,5.4760,0.3009,5.6841,0.2875,5.4126,0.2820,0.5143,0.3426,0.5279,0.3457,0.5119,0.3419,0.5095,0.3190,0.4964,0.3145,0.5059,0.3331,5.4464,0.2632,5.3194,0.2761,5.1763,0.2832,5.4486,0.2778,5.4152,0.2732,58.9993,4.8282,2.4953,0.0268
68,6.1851,0.3035,6.1672,0.5491,5.4226,0.2911,5.5676,0.2778,5.3220,0.2799,0.5598,0.3865,0.5326,0.3376,0.5035,0.3238,0.4954,0.3147,0.5064,0.3197,0.5109,0.3169,5.4595,0.2611,5.4026,0.2680,5.2381,0.2730,5.1014,0.2749,5.4967,0.2663,58.4714,5.0437,2.4446,0.0683
69,7.7012,0.3097,6.5484,0.5553,5.8150,0.3023,5.1346,0.3009,5.2247,0.2792,0.5262,0.3455,0.5095,0.3247,0.4966,0.3157,0.5412,0.3395,0.5553,0.3266,0.5131,0.3309,5.0368,0.2735,5.0490,0.2744,5.1308,0.2778,5.9466,0.2720,5.4061,0.2761,60.1351,5.1041,2.5869,0.0658
70,5.5454,0.3691,6.2525,0.5498,5.0659,0.2887,5.1603,0.2937,5.1136,0.2854,0.5305,0.3264,0.5219,0.3140,0.5183,0.3128,0.5167,0.3104,0.4985,0.3121,0.5014,0.3161,5.2280,0.2575,5.1742,0.2871,4.9305,0.2766,4.9317,0.2873,5.0352,0.2759,55.5246,5.0628,2.3087,0.0652
71,7.1290,0.2978,6.8281,0.3133,5.0814,0.2818,5.2128,0.2851,4.9112,0.3047,0.5136,0.3397,0.5188,0.3235,0.5219,0.3278,0.5162,0.3388,0.4859,0.3057,0.4892,0.3150,5.0864,0.2580,4.8993,0.2775,5.0247,0.2747,5.0776,0.2828,5.0046,0.2944,57.3006,4.8206,2.4603,0.0232
72,6.9635,0.2964,6.0678,0.4973,5.2745,0.2925,5.0128,0.2878,5.2488,0.2866,0.5064,0.3393,0.5894,0.4604,0.4930,0.3214,0.5035,0.3195,0.4947,0.3307,0.4895,0.3204,5.3096,0.2851,5.5745,0.5176,5.2130,0.2863,5.1548,0.2923,4.8914,0.2875,57.7872,5.4212,2.4446,0.0761
73,7.0670,0.3021,6.6903,0.4084,4.9102,0.2892,5.2788,0.2849,5.0783,0.2742,0.5028,0.3223,0.5033,0.3157,0.4928,0.3200,0.4919,0.3088,0.4895,0.3099,0.4897,0.3159,4.9207,0.2813,4.9558,0.2799,4.8928,0.2687,4.9560,0.2694,5.0547,0.2782,56.7746,4.8289,2.4406,0.0330
74,7.1359,0.3107,6.0318,0.5529,5.3635,0.2933,5.0786,0.2885,5.0974,0.2756,0.5124,0.3197,0.5009,0.3126,0.5074,0.3073,0.4959,0.3135,0.4888,0.3083,0.4930,0.3173,4.8800,0.2606,5.0282,0.2761,5.0678,0.2708,4.8947,0.2747,5.1074,0.2737,56.6835,4.9555,2.4155,0.0656
75,6.9535,0.2954,5.9085,0.5469,5.2106,0.2899,4.9896,0.2935,5.1260,0.2887,0.5152,0.3297,0.5362,0.3476,0.5362,0.3583,0.9704,0.3581,0.5226,0.3645,0.5729,0.3633,5.0833,0.2875,5.1994,0.2801,5.1606,0.2911,5.0161,0.2859,5.0840,0.2682,57.3852,5.2490,2.3541,0.0655
76,5.4638,0.2885,6.2280,0.5672,5.0981,0.2987,5.4002,0.2806,5.0650,0.2713,0.5229,0.3362,0.5076,0.3235,0.5081,0.3128,0.5078,0.3083,0.4897,0.3119,0.5670,0.3128,4.9155,0.2906,5.1939,0.2856,5.1203,0.2728,5.0764,0.2723,5.0349,0.2811,55.6991,5.0142,2.3135,0.0682
77,5.4116,0.3197,6.2332,0.4945,5.2013,0.3047,5.0750,0.2825,5.0006,0.2837,0.5360,0.3309,0.5238,0.3181,0.5178,0.3171,0.5097,0.3071,0.5014,0.3154,0.5155,0.3262,5.0759,0.2618,4.9572,0.2737,4.9407,0.2813,5.1653,0.2692,4.8532,0.2813,55.0184,4.9672,2.2825,0.0521
78,5.5399,0.2975,6.0925,0.4954,5.1730,0.3014,5.2025,0.2842,7.0102,0.3312,0.5293,0.3433,0.5264,0.3247,0.5162,0.3436,0.5140,0.3247,0.5193,0.3271,0.5245,0.3266,5.1358,0.2728,4.8153,0.2661,5.0638,0.2813,4.9844,0.2830,5.1968,0.2966,57.3440,5.0995,2.4232,0.0517
79,5.8837,0.5729,6.1049,0.5610,5.1327,0.2911,5.0895,0.2797,5.2030,0.2699,0.5181,0.3471,0.5269,0.3169,0.5183,0.3154,0.5207,0.3159,0.4926,0.3080,0.5109,0.3064,5.0619,0.2656,4.9589,0.2789,5.1084,0.2847,5.1494,0.2761,4.9622,0.2682,55.7420,5.2578,2.3190,0.0927
80,5.8169,0.5040,5.5983,0.5805,5.3065,0.3021,5.0433,0.2964,5.1615,0.2906,0.5164,0.3259,0.4926,0.3200,0.5078,0.3054,0.4945,0.3080,0.4854,0.3049,0.4816,0.3028,5.0559,0.2701,6.3517,0.7961,5.0926,0.3004,5.1279,0.2813,5.2476,0.2902,56.7806,5.7788,2.3857,0.1390
81,6.0775,0.5865,5.9805,0.5517,5.2743,0.3014,6.2289,0.4346,5.1320,0.3231,0.5212,0.3276,0.5174,0.3211,0.5226,0.3159,0.5260,0.3095,0.5078,0.3159,0.4930,0.3147,5.3058,0.2751,4.8716,0.2894,5.1777,0.2749,5.0721,0.2890,4.9179,0.2747,57.1263,5.5051,2.3965,0.0926
82,5.6696,0.3126,7.0333,0.3300,5.2073,0.3033,5.1744,0.2763,5.2209,0.2751,0.5362,0.3366,0.4978,0.3119,0.5014,0.3059,0.5043,0.2999,0.5221,0.3352,0.5023,0.3164,5.3821,0.2728,4.8132,0.2959,5.1441,0.2725,5.0623,0.2782,4.9953,0.2759,56.7667,4.7984,2.3992,0.0221
83,6.1412,0.5708,5.7638,0.5682,5.3163,0.3028,5.1887,0.2744,5.1415,0.3102,0.5152,0.3386,0.5226,0.3188,0.5052,0.3290,0.4935,0.3099,0.5133,0.3271,0.5195,0.3352,5.2791,0.2723,4.9992,0.2816,5.1522,0.2866,5.1606,0.2971,5.2114,0.2830,56.4232,5.4054,2.3498,0.0899
84,5.8329,0.3119,6.0925,0.6039,5.2764,0.2985,5.2826,0.2840,5.2512,0.2677,0.5364,0.3474,0.5300,0.3211,0.5252,0.3183,0.5286,0.3283,0.5109,0.3176,0.5119,0.3088,5.1131,0.2732,5.3515,0.2742,5.0900,0.2925,5.2261,0.2739,4.9844,0.2699,56.6440,5.0912,2.3509,0.0774
85,5.6119,0.3014,6.0897,0.5913,5.3034,0.2840,5.3420,0.3009,5.0659,0.2735,0.5291,0.3288,0.5012,0.3195,0.4959,0.3152,0.5054,0.3157,0.5021,0.3104,0.5097,0.3226,5.1811,0.2692,5.1408,0.2851,5.2187,0.2735,5.1641,0.2708,5.3365,0.2754,56.4976,5.0371,2.3532,0.0741
86,7.3297,0.4206,6.2385,0.6273,5.5239,0.3014,5.1427,0.2747,5.2059,0.2830,0.5465,0.3324,0.5138,0.3185,0.5202,0.3169,0.5028,0.3035,0.5081,0.3004,0.5105,0.3133,5.1517,0.2828,5.2593,0.3116,5.1510,0.2828,5.1429,0.2801,5.3866,0.2830,58.6340,5.2321,2.4955,0.0845
87,5.5454,0.5622,5.6217,0.3414,5.6028,0.2911,5.0917,0.2847,5.4204,0.3247,0.5293,0.3271,0.5229,0.3154,0.5019,0.3202,0.5286,0.3195,0.4914,0.3080,0.4919,0.3123,5.3091,0.2780,4.9980,0.2744,5.0075,0.2697,5.3098,0.2880,5.1956,0.2801,56.1678,5.0969,2.3302,0.0664
88,5.6231,0.3078,5.8923,0.5836,5.2249,0.2985,5.3446,0.2911,5.2047,0.2766,0.5054,0.3242,0.5145,0.3316,0.5114,0.3150,0.5169,0.3195,0.5140,0.3183,0.5095,0.3214,5.2223,0.2642,5.1551,0.2832,5.3918,0.2820,4.9179,0.2780,5.2993,0.2990,56.3478,5.0941,2.3400,0.0712
89,5.8782,0.3178,5.8806,0.5631,5.5182,0.2913,5.1651,0.2918,5.1110,0.2916,0.5379,0.3390,0.5054,0.3216,0.5004,0.3126,0.5116,0.3076,0.5038,0.3107,0.4885,0.3028,5.3186,0.2737,6.1591,0.2966,5.3682,0.3278,5.3155,0.2987,5.3537,0.2947,58.1160,5.1415,2.4341,0.0644
90,5.4183,0.3619,6.4979,0.5565,5.2998,0.2925,5.4569,0.2964,5.1534,0.2885,0.5372,0.3383,0.5100,0.3152,0.5114,0.3152,0.4940,0.3045,0.5178,0.3088,0.5248,0.3228,5.1699,0.2680,5.2838,0.2859,5.0457,0.2897,5.4557,0.3061,5.1725,0.2928,57.0490,5.1429,2.3824,0.0644
91,7.0810,0.3927,6.7196,0.5324,5.3787,0.3047,5.3961,0.2913,5.2638,0.3929,0.5348,0.3359,0.5276,0.3307,0.5207,0.3176,0.5209,0.3235,0.5283,0.3109,0.5138,0.3133,5.2049,0.2711,5.5788,0.2706,5.2164,0.2940,5.0368,0.2904,5.2440,0.2842,59.2663,5.2562,2.5182,0.0631
92,5.5323,0.3014,5.5695,0.6397,5.4941,0.3026,5.4960,0.2999,5.0230,0.2770,0.5224,0.3266,0.5119,0.3252,0.5028,0.3099,0.5829,0.4590,0.5572,0.4790,0.5257,0.3300,5.3828,0.2799,5.3368,0.2930,5.0683,0.2778,5.2915,0.2739,5.2023,0.2878,56.5994,5.4626,2.3312,0.0968
93,7.1566,0.5264,6.2425,0.5102,6.6035,0.4983,6.7816,0.4930,6.8238,0.4880,1.0386,0.5488,1.0328,0.5305,1.0431,0.5243,1.0400,0.5190,1.0324,0.5205,1.0450,0.5217,6.5923,0.5012,6.7871,0.4840,6.8798,0.4869,6.6700,0.4914,6.7210,0.4978,73.4899,8.1420,2.7589,0.0184
94,7.9730,0.5207,6.8130,0.5047,7.0109,0.4950,6.9473,0.4914,6.9382,0.4904,1.0421,0.5374,0.9975,0.5107,1.0364,0.5214,1.0452,0.5376,1.0371,0.5248,1.3249,0.7744,7.0233,0.4978,6.9110,0.5004,6.9854,0.4938,6.8042,0.4859,6.8288,0.4804,76.7186,8.3668,2.8894,0.0672
95,8.0438,0.5701,6.7728,0.5088,6.9966,0.4945,7.6661,0.5000,7.1993,0.5445,1.0929,0.5517,1.0722,0.5510,1.0376,0.5219,1.0517,0.5295,1.0316,0.5348,1.0171,0.5212,6.8104,0.4904,6.5718,0.5133,6.9246,0.4909,6.7310,0.5019,6.9876,0.4973,77.0071,8.3218,2.9344,0.0239
96,8.2369,0.4821,6.8374,0.4930,6.7182,0.4904,6.8934,0.4947,6.9132,0.4921,1.0436,0.5410,1.0436,0.5383,1.0514,0.5362,1.0402,0.5257,1.0276,0.5255,1.0164,0.5155,6.8371,0.5052,6.6147,0.4816,6.8824,0.4876,6.7110,0.4838,6.6679,0.4802,75.5348,8.0729,2.8752,0.0215
97,7.9856,0.4930,6.7356,0.5023,6.8803,0.4942,6.8970,0.4911,6.9273,0.4742,1.0147,0.5479,1.0524,0.5691,1.0378,0.5324,1.0483,0.5388,1.0481,0.5438,1.0560,0.5255,6.9399,0.4814,6.9273,0.5152,6.8247,0.4830,6.7945,0.5078,6.9225,0.4811,76.0918,8.1811,2.8885,0.0277
98,8.7228,0.4864,6.9637,0.4823,6.8433,0.5133,6.8870,0.5066,6.9354,0.4973,1.0560,0.5350,1.0602,0.5369,1.0355,0.5348,1.0383,0.5224,1.0607,0.5381,1.0943,0.5455,6.9187,0.4942,6.9182,0.4885,6.7956,0.4916,6.9592,0.4902,6.8607,0.4828,77.1496,8.1460,2.9481,0.0221
99,8.2042,0.4730,7.1051,0.4771,6.9678,0.4880,6.7716,0.5071,6.9642,0.5140,1.0469,0.5374,1.0397,0.5519,1.0364,0.5250,1.0650,0.5338,1.0359,0.5238,1.0486,0.5250,7.0875,0.5109,6.9964,0.5145,7.0257,0.5069,7.2742,0.4835,7.0164,0.4992,77.6856,8.1713,2.9659,0.0217
100,7.7102,0.4737,7.0612,0.5174,6.7732,0.5009,6.8307,0.4916,6.8407,0.4902,1.0452,0.5426,1.0290,0.5298,1.0309,0.5333,1.0328,0.5229,1.0357,0.5226,1.0524,0.5314,6.8729,0.4985,6.6781,0.4971,6.8419,0.5097,6.8018,0.4845,6.7623,0.4914,75.3992,8.1377,2.8551,0.0197
101,8.6632,0.5112,6.9559,0.4849,6.9652,0.5074,7.0052,0.5162,6.9382,0.5007,1.0428,0.5331,1.0400,0.5381,1.0302,0.5279,1.0307,0.5214,1.0543,0.5383,1.0335,0.5181,7.0477,0.4928,6.6144,0.4854,6.8099,0.4833,6.9547,0.5066,6.7861,0.4814,76.9720,8.1468,2.9533,0.0191
102,8.4553,0.5374,6.9382,0.5274,8.5459,0.5112,6.9222,0.4885,6.7959,0.4919,1.0426,0.5369,1.0498,0.5462,1.0512,0.5453,1.1446,0.5214,1.0448,0.5310,1.0509,0.5355,7.0305,0.4816,6.8343,0.5054,6.8986,0.4878,6.8159,0.5054,6.9866,0.4861,78.6073,8.2390,3.0245,0.0222
103,6.3355,0.2966,4.7159,0.2964,4.9455,0.2894,5.4400,0.2882,5.3954,0.2778,0.5352,0.3409,0.5217,0.3228,0.5202,0.3235,0.5507,0.3245,0.5248,0.3185,0.5560,0.3190,4.9429,0.2828,5.3070,0.2720,5.3563,0.4120,5.1219,0.3088,5.2757,0.2840,56.0448,4.9572,2.3224,0.0328
104,5.5597,0.2971,6.3283,0.4928,5.2135,0.3045,5.3141,0.2854,5.2502,0.3159,0.5476,0.3531,0.5550,0.4139,0.5550,0.3388,0.5240,0.3304,0.5076,0.3207,0.5136,0.3209,5.2722,0.2632,5.2655,0.2880,5.1563,0.3037,5.3468,0.2909,5.3217,0.2792,57.2312,5.1985,2.3712,0.0553
105,5.6231,0.3352,5.6188,0.6077,5.1587,0.2935,5.4672,0.3130,5.3906,0.2904,0.5198,0.3338,0.5302,0.3262,0.5066,0.3281,0.5250,0.3555,0.5174,0.3338,0.5157,0.3574,5.3842,0.2759,5.1751,0.2921,5.3942,0.2828,5.1541,0.2849,5.4462,0.3068,56.9270,5.3170,2.3575,0.0754
106,5.6832,0.3071,6.7453,0.5422,5.3170,0.3002,5.3792,0.2913,5.1913,0.2856,0.5231,0.3436,0.5162,0.3314,0.5021,0.3181,0.5281,0.3245,0.5245,0.3200,0.5152,0.3314,5.3453,0.2677,5.4135,0.2918,5.3055,0.2851,5.6114,0.2985,5.2388,0.3061,58.3398,5.1446,2.4470,0.0603
107,5.8968,0.4401,5.7874,0.6106,5.4421,0.3073,5.5518,0.2906,5.3089,0.2823,0.5128,0.3397,0.5209,0.3271,0.4976,0.3164,0.5076,0.3233,0.5109,0.3207,0.5145,0.3154,5.3391,0.2618,5.4121,0.2773,7.1869,0.3088,5.2831,0.3090,5.4996,0.3061,59.7723,5.3365,2.5343,0.0808
108,5.8444,0.2997,5.5795,0.3164,5.4133,0.3009,5.4696,0.2818,5.4109,0.2816,0.5488,0.3681,0.5140,0.3426,0.5226,0.3304,0.5152,0.3233,0.5291,0.3278,0.5348,0.3393,5.3885,0.2754,5.2018,0.2773,5.4431,0.2866,5.4572,0.2825,5.1908,0.2768,57.5635,4.9105,2.3823,0.0280
109,5.9566,0.3250,5.6360,0.4501,5.4371,0.3030,5.4469,0.2918,5.2905,0.2854,0.5159,0.3338,0.5076,0.3300,0.5081,0.3407,0.4969,0.3204,0.5000,0.3171,0.5012,0.3374,5.4054,0.2615,5.4531,0.2773,5.2304,0.2809,5.4564,0.2766,5.3103,0.2825,57.6525,5.0135,2.4050,0.0430
110,5.6913,0.3893,5.9011,0.6106,5.2834,0.3078,5.4777,0.2899,5.9311,0.2956,0.5364,0.3347,0.5236,0.3569,0.5064,0.3402,0.5574,0.3622,0.5820,0.3779,0.5801,0.3865,5.5015,0.2921,5.5821,0.2925,5.4774,0.2816,5.6305,0.2904,5.5859,0.3285,59.3479,5.5368,2.4535,0.0773
111,5.9397,0.3240,5.5885,0.3903,5.7340,0.3097,5.4851,0.3059,5.5137,0.3548,0.5558,0.3939,0.5448,0.3502,0.5305,0.3433,0.5131,0.3333,0.5505,0.3483,0.5193,0.3362,5.3487,0.2677,5.5232,0.2983,5.2278,0.2861,5.4595,0.2885,5.2776,0.2837,58.3117,5.2142,2.4133,0.0360
112,5.7700,0.3035,5.8627,0.5810,5.4209,0.2985,5.5315,0.2816,5.3501,0.2820,0.5217,0.3397,0.5493,0.4513,0.5496,0.3483,0.5271,0.3333,0.5126,0.3271,0.5040,0.3238,5.5356,0.2747,5.5261,0.3164,5.6870,0.2911,5.6183,0.2842,5.5220,0.3011,58.9886,5.3377,2.4501,0.0758
113,5.7189,0.3288,5.9748,0.5770,5.4722,0.3014,7.0617,0.3295,5.5606,0.3169,0.5329,0.3545,0.5314,0.3550,0.5345,0.3452,0.5360,0.3369,0.5465,0.3455,0.5591,0.3579,5.5237,0.2859,5.2869,0.3073,5.6000,0.2995,5.4204,0.2997,5.4913,0.2828,60.3509,5.4235,2.5324,0.0660
114,5.6736,0.4447,6.2039,0.5157,5.4896,0.3061,5.7135,0.3066,5.4483,0.2985,0.5274,0.3476,0.5250,0.3428,0.5019,0.3290,0.5121,0.3300,0.5081,0.3386,0.5155,0.3355,5.3864,0.2685,5.4371,0.2742,5.3520,0.2840,5.7187,0.3054,5.5127,0.2871,59.0258,5.3141,2.4659,0.0621
115,5.8360,0.3011,5.7905,0.6363,5.5234,0.2973,5.6546,0.2911,5.4641,0.2825,0.5188,0.3698,0.5112,0.3297,0.5434,0.3572,0.5114,0.3459,0.5071,0.3433,0.5114,0.3221,5.4376,0.2730,5.2745,0.2851,5.4891,0.2902,5.5647,0.2792,5.3875,0.2840,58.5253,5.2879,2.4363,0.0844
116,5.8501,0.2944,6.6574,0.7613,5.5382,0.3111,5.5466,0.2902,5.4498,0.2859,0.4997,0.3319,0.5066,0.3459,0.5190,0.3333,0.5021,0.3297,0.4997,0.3288,0.5288,0.3309,5.4321,0.2720,5.4047,0.2797,5.3973,0.2766,5.6696,0.2904,5.4996,0.2697,59.5014,5.3318,2.5025,0.1133
117,5.8022,0.4199,5.8141,0.4752,5.7168,0.3023,5.6591,0.2971,5.5182,0.2916,0.5374,0.3371,0.5324,0.3383,0.5395,0.3223,0.5274,0.3293,0.5176,0.3409,0.5093,0.3262,5.4669,0.2737,5.7178,0.2847,5.3113,0.3014,5.8081,0.2947,5.5654,0.2916,59.5434,5.2261,2.4774,0.0509
118,5.9075,0.3023,6.2871,0.5460,5.7564,0.2999,5.6436,0.3035,5.4173,0.3099,0.5651,0.3495,0.5605,0.3459,0.5169,0.3259,0.5386,0.3178,0.5038,0.3281,0.5410,0.3388,5.7073,0.2880,5.4781,0.2878,5.3868,0.2925,5.6024,0.2816,5.6059,0.2861,60.0183,5.2037,2.4972,0.0608
119,5.9397,0.4950,5.6572,0.3216,5.5332,0.3045,5.7442,0.2909,5.4345,0.3152,0.5245,0.3319,0.5300,0.3369,0.5109,0.3164,0.5219,0.3397,0.6664,0.3216,0.5651,0.3550,4.7832,0.3173,4.9381,0.2871,5.3856,0.2875,4.9965,0.2835,5.4040,0.2820,57.1351,5.1861,2.3544,0.0490
120,5.8374,0.3061,6.3806,0.5536,5.4336,0.3018,5.3484,0.3088,5.3916,0.2971,0.5438,0.3438,0.5236,0.3314,0.5386,0.3374,0.5212,0.3276,0.5167,0.3340,0.5095,0.3266,5.3551,0.2902,5.1453,0.2828,5.4128,0.2918,5.5475,0.3071,5.4154,0.2911,58.4211,5.2311,2.4352,0.0614
121,5.7008,0.4666,6.1138,0.5262,5.3236,0.3099,5.5146,0.3014,5.4178,0.3011,0.5410,0.3459,0.5262,0.3407,0.5133,0.3183,0.5302,0.3257,0.5164,0.3145,0.5307,0.3226,5.5165,0.2763,7.0040,0.2959,5.8181,0.2975,5.5425,0.2975,5.5008,0.2964,60.6105,5.3365,2.5539,0.0648
122,5.8751,0.3693,5.6725,0.3309,5.3010,0.3028,5.6715,0.2968,5.5954,0.3104,0.5372,0.3424,0.5352,0.3307,0.5114,0.3192,0.5248,0.3252,0.5376,0.3438,0.5322,0.3283,5.4309,0.2809,5.5268,0.3014,5.3451,0.2840,5.4410,0.3028,5.5249,0.2904,58.5625,5.0592,2.4283,0.0236
123,5.7995,0.2911,6.0835,0.4907,5.5788,0.3006,5.4984,0.2918,5.4371,0.2918,0.5355,0.3479,0.5260,0.3359,0.5062,0.3176,0.4988,0.3152,0.5352,0.3440,0.5198,0.3192,5.2688,0.2735,5.5487,0.2823,5.2726,0.2780,5.4414,0.2754,5.4054,0.2787,58.4557,5.0337,2.4341,0.0513
124,6.4688,0.4637,5.4936,0.4890,5.5912,0.2975,5.4493,0.2887,5.5349,0.2899,0.5381,0.3479,0.5286,0.3269,0.7956,0.5393,0.5097,0.3257,0.5238,0.3269,0.5035,0.3343,5.4405,0.2689,5.4471,0.2913,5.5366,0.2875,5.5614,0.2902,5.4736,0.2890,59.3963,5.4567,2.4485,0.0791
125,6.8169,0.4675,5.9261,0.5753,5.4202,0.2973,5.5251,0.2961,5.7442,0.2995,0.5372,0.3357,0.5126,0.3207,0.5643,0.3498,0.5591,0.3188,0.5033,0.3183,0.5307,0.3288,5.2760,0.2749,5.6832,0.2873,5.5015,0.2897,5.5296,0.2818,5.6279,0.2832,60.2579,5.3246,2.5239,0.0766
126,6.7229,0.4771,6.6540,0.5198,5.6155,0.2935,5.3635,0.2801,5.7337,0.2863,0.5610,0.3483,0.5322,0.3245,0.5174,0.3183,0.5269,0.3138,0.5100,0.3216,0.5162,0.3192,5.4250,0.2732,5.3236,0.2873,5.4989,0.2866,5.2476,0.2909,5.6193,0.2971,60.3676,5.2376,2.5455,0.0679
127,7.5028,0.3011,6.6473,0.5260,5.6047,0.2923,6.9723,0.2930,5.6148,0.2925,0.5739,0.3409,0.5980,0.3526,0.5717,0.3469,0.5558,0.3548,0.5550,0.3428,0.5584,0.3397,5.3785,0.2723,5.3310,0.2992,5.4913,0.2952,5.5752,0.3049,5.3039,0.2830,62.8345,5.2373,2.6684,0.0578
128,5.8920,0.4489,5.8551,0.5765,5.4214,0.2966,5.5614,0.3002,5.4719,0.2859,0.5674,0.3462,0.5472,0.3536,0.5453,0.3371,0.5450,0.3271,0.5500,0.3297,0.5414,0.3271,5.2972,0.2718,5.4922,0.2759,5.3444,0.2930,5.2149,0.2749,5.7166,0.2930,58.5635,5.3375,2.4158,0.0757
129,6.4340,0.5081,5.6288,0.5841,5.5068,0.3016,5.4743,0.2987,5.5256,0.2873,0.5589,0.3433,0.5600,0.3650,0.5772,0.3483,0.5596,0.3273,0.5906,0.3672,0.6034,0.3750,5.4622,0.2930,5.3370,0.2882,5.4286,0.2816,5.4710,0.2787,5.5244,0.2873,59.2422,5.5349,2.4338,0.0833
130,5.8358,0.3052,6.9139,0.3088,5.7929,0.2904,5.4185,0.2904,5.3349,0.2871,0.5703,0.3457,0.5813,0.3357,0.5789,0.3502,0.5598,0.3541,0.5615,0.3414,0.5579,0.3395,5.4352,0.2706,5.3060,0.2875,5.3732,0.2820,5.4042,0.2854,5.2376,0.2885,59.4618,4.9624,2.4673,0.0280
131,5.9252,0.5093,6.0139,0.5777,5.3768,0.2978,5.5189,0.3033,5.5110,0.2832,0.5760,0.3333,0.5424,0.3405,0.5419,0.3266,0.5488,0.3283,0.5555,0.3252,0.5732,0.3357,5.6953,0.2673,5.4464,0.2980,5.3973,0.2885,5.5542,0.3026,5.3408,0.2768,59.1178,5.3940,2.4373,0.0818
132,6.1364,0.4947,6.1238,0.5500,5.5611,0.3052,5.2781,0.2937,5.5594,0.2973,0.5345,0.3364,0.5357,0.3402,0.5202,0.3352,0.5248,0.3202,0.5293,0.3235,0.5229,0.3288,5.4288,0.2728,5.3086,0.2925,5.2671,0.2851,5.4390,0.2911,6.8939,0.4125,60.1637,5.4793,2.5347,0.0756
133,6.2261,0.5181,5.6055,0.4447,5.5182,0.3011,5.4636,0.2973,5.5449,0.2961,0.5391,0.3309,0.5519,0.3638,0.5243,0.3304,0.5162,0.3183,0.5369,0.3386,0.5400,0.3381,5.4255,0.2756,5.2831,0.2766,5.3272,0.2968,5.6643,0.2930,5.1014,0.2890,58.3682,5.3084,2.4220,0.0627
134,5.7206,0.3257,5.7878,0.3309,5.4257,0.3123,5.4262,0.2990,5.4314,0.3049,0.5398,0.3283,0.5310,0.3302,0.5500,0.3374,0.5291,0.3262,0.5765,0.3500,0.5283,0.3257,5.3833,0.2673,5.2106,0.3064,5.2707,0.2844,5.3420,0.2966,5.3549,0.2928,57.6079,5.0180,2.3728,0.0212
135,5.6334,0.3283,7.2141,0.3262,5.4033,0.3021,5.5461,0.2980,5.3489,0.2937,0.5624,0.3500,0.5438,0.3507,0.5591,0.3223,0.5317,0.3300,0.5453,0.3424,0.5555,0.3309,6.9392,0.3123,5.5742,0.2999,5.3575,0.3104,5.6751,0.3047,5.5292,0.2968,61.5187,5.0988,2.6020,0.0185
136,6.6638,0.5090,6.2377,0.5043,6.2141,0.5014,6.7341,0.4919,7.0376,0.4961,1.0381,0.5431,1.0421,0.5429,1.0369,0.5369,1.0355,0.5326,1.0715,0.5493,1.0736,0.5510,6.7968,0.4930,6.4604,0.4792,6.8057,0.4895,6.7301,0.4911,6.7804,0.4792,72.7584,8.1906,2.7166,0.0252
137,8.1832,0.4876,6.6628,0.5045,6.8629,0.4952,6.8533,0.4818,6.6950,0.5264,1.0426,0.5417,1.0278,0.5426,1.0314,0.5286,1.0233,0.5341,1.0309,0.5381,1.0216,0.5288,6.6688,0.4885,6.7916,0.4890,6.9721,0.4821,6.8443,0.4816,6.6257,0.4816,75.3374,8.1322,2.8704,0.0240
138,8.3473,0.4823,6.9187,0.4911,6.8758,0.4818,6.9432,0.4985,6.7880,0.4869,1.0731,0.5586,1.0307,0.5355,1.0648,0.5341,1.0452,0.5326,1.0340,0.5646,1.0672,0.5448,7.0062,0.5045,6.6926,0.4799,6.9070,0.5052,7.0529,0.4947,6.7248,0.5031,76.5715,8.1983,2.9139,0.0274
139,8.7645,0.4978,6.9344,0.4795,6.7542,0.4845,6.8786,0.4938,6.7127,0.4857,1.0326,0.5405,1.0273,0.5348,1.0397,0.5381,1.0185,0.5281,1.0335,0.5217,1.0240,0.5381,6.6967,0.4764,6.8619,0.4768,6.9318,0.4926,7.0560,0.4928,6.8192,0.4976,76.5858,8.0786,2.9468,0.0234
140,8.4727,0.4842,6.8607,0.4857,6.9337,0.4833,6.9709,0.5002,6.9370,0.4926,1.0333,0.5326,1.0340,0.5381,1.4091,0.5512,1.0357,0.5300,1.0374,0.5438,1.0319,0.5410,6.9058,0.4871,6.9423,0.4847,6.9137,0.4928,6.8159,0.4771,6.9289,0.4833,77.2629,8.1077,2.9159,0.0262
141,8.3127,0.4833,7.1101,0.4876,7.0975,0.4969,6.9118,0.4928,6.8946,0.4804,1.0266,0.5488,1.0161,0.5324,1.0386,0.5322,1.0300,0.5524,1.0576,0.5431,1.0252,0.5376,6.6397,0.4780,6.8891,0.4840,6.7008,0.4883,6.8538,0.4735,7.0026,0.4849,76.6068,8.0962,2.9305,0.0281
142,8.6014,0.5062,7.0648,0.4869,7.1154,0.4852,6.9020,0.4864,7.2105,0.4811,1.0259,0.5651,1.0273,0.5298,1.0600,0.5546,1.0607,0.5441,1.0602,0.5629,1.0328,0.5474,6.9442,0.5004,6.8920,0.4816,7.1375,0.4799,7.0460,0.4904,7.6401,0.4938,78.8209,8.1956,3.0320,0.0313
143,8.4608,0.4942,6.8951,0.4895,7.0093,0.4864,7.1051,0.5050,7.0031,0.4838,1.0223,0.5469,1.0345,0.5300,1.0190,0.5376,1.0667,0.5550,1.0564,0.5360,1.0602,0.5560,7.0961,0.4928,7.0627,0.4961,7.0817,0.5076,6.8221,0.4895,6.9869,0.4816,77.7819,8.1880,2.9784,0.0262
144,8.6761,0.5009,7.0484,0.4914,7.0269,0.4864,7.0014,0.4835,7.1003,0.5071,1.0641,0.5553,1.0331,0.5295,1.0273,0.5367,1.0240,0.5262,1.0281,0.5410,1.0562,0.5503,7.0515,0.5014,6.9869,0.4961,6.9821,0.5124,7.0460,0.4885,7.0095,0.4740,78.1617,8.1806,3.0050,0.0246
145,8.4500,0.5052,7.0968,0.4971,7.9443,0.5817,7.1378,0.4864,7.2589,0.5028,1.0669,0.5412,1.0448,0.5543,1.0319,0.5555,1.0145,0.5319,1.0641,0.5584,1.0231,0.5317,6.9377,0.4959,6.8910,0.4945,6.9625,0.5031,6.8727,0.4723,7.3793,0.4709,79.1762,8.2829,3.0516,0.0323
146,8.7476,0.4842,7.1657,0.4883,7.2327,0.4840,7.2968,0.4909,7.1056,0.4811,1.0688,0.5472,1.0262,0.5295,1.0211,0.5422,1.0366,0.5329,1.0595,0.5562,1.0624,0.5383,7.1738,0.4864,7.2238,0.4997,7.0856,0.4780,6.8879,0.4833,6.9592,0.4730,79.1533,8.0953,3.0478,0.0283
147,6.7384,0.2894,4.7140,0.3192,5.1341,0.3211,5.7588,0.3254,5.4395,0.3099,0.5624,0.3633,0.5872,0.3505,0.5751,0.3448,0.5808,0.3304,0.5579,0.3374,0.5603,0.3345,5.2361,0.2785,5.3024,0.2935,6.9065,0.6814,5.6109,0.3271,5.3675,0.3159,59.6321,5.5225,2.4996,0.0895
148,6.4669,0.3417,5.7824,0.3490,5.6107,0.3178,6.2578,0.3026,5.6481,0.3176,0.5987,0.3672,0.5820,0.3362,0.5839,0.3557,0.5605,0.3531,0.5503,0.3402,0.5698,0.3517,5.2888,0.2899,5.3861,0.3035,5.4653,0.3009,5.5892,0.2933,5.7352,0.3061,60.6756,5.2264,2.5083,0.0245
149,6.2008,0.3293,5.9204,0.4048,5.6841,0.3233,5.5118,0.3049,5.6312,0.3004,0.5944,0.3605,0.5929,0.3600,0.5915,0.3495,0.5546,0.3486,0.5546,0.3397,0.5574,0.3481,5.5261,0.2913,5.4469,0.2940,5.4917,0.2975,5.4507,0.3011,5.4433,0.3030,59.7525,5.2562,2.4551,0.0311
150,6.2935,0.3293,6.9928,0.6599,5.7638,0.3073,5.4986,0.3085,5.1780,0.3090,0.5927,0.3798,0.6390,0.3955,0.6120,0.3715,0.5908,0.3827,0.5655,0.3448,0.5519,0.3541,5.1343,0.2837,5.3978,0.3021,5.3968,0.3054,5.4862,0.3183,5.2223,0.3107,59.9163,5.6624,2.4813,0.0856
151,6.0115,0.3257,5.6491,0.3295,6.1066,0.4804,7.0982,0.4270,5.4162,0.3183,0.6056,0.3684,0.5817,0.3581,0.5527,0.3383,0.5589,0.3343,0.5698,0.3576,0.5281,0.3276,5.2371,0.2804,5.1212,0.2966,5.2853,0.2904,5.3904,0.3028,5.3623,0.3042,60.0746,5.4395,2.5103,0.0502
152,6.6853,0.3226,5.8160,0.6011,5.4510,0.3219,5.6360,0.3073,5.3761,0.3066,0.5813,0.3960,0.5782,0.3667,0.5729,0.3481,0.5646,0.3550,0.5596,0.3486,0.5469,0.3397,5.3155,0.2894,5.3680,0.2959,5.4908,0.2918,5.5692,0.3068,5.4908,0.3207,59.6020,5.5182,2.4646,0.0721
153,6.1698,0.3293,5.7189,0.3462,5.7635,0.3142,6.3028,0.6068,5.5082,0.3200,0.5879,0.3691,0.5760,0.3607,0.5760,0.3548,0.5770,0.3412,0.5586,0.3381,0.5672,0.3595,5.3411,0.2930,5.2691,0.2918,5.4271,0.3037,5.3613,0.3066,5.4553,0.3006,59.7599,5.5356,2.4632,0.0717
154,6.4411,0.3295,5.7693,0.3436,5.5568,0.3192,5.2934,0.3123,5.5373,0.3173,0.6084,0.3664,0.5553,0.3529,0.5467,0.3324,0.5543,0.3293,0.5674,0.3369,0.5429,0.3381,5.3017,0.2806,5.3420,0.3016,5.5954,0.2975,5.4407,0.2959,5.4181,0.3004,59.0708,5.1539,2.4375,0.0225
155,7.8261,0.3333,6.2451,0.5343,5.4138,0.3054,5.5029,0.3033,5.7056,0.3090,0.6220,0.3645,0.5829,0.3610,0.5546,0.3479,0.6583,0.3588,0.5612,0.3483,0.5431,0.3333,5.4328,0.2849,5.3272,0.2971,5.3959,0.2863,5.3937,0.2956,5.5346,0.3076,61.3000,5.3706,2.5782,0.0577
156,5.8439,0.3417,5.8789,0.3209,5.6314,0.3231,5.3043,0.3028,5.5585,0.3200,0.6182,0.3583,0.5810,0.3636,0.5558,0.3524,0.5517,0.3386,0.5550,0.3283,0.5436,0.3393,5.2202,0.2775,5.4195,0.2985,5.3403,0.3052,5.5921,0.3006,5.4905,0.2899,58.6851,5.1606,2.4071,0.0245
157,6.0720,0.3285,5.6796,0.3293,5.9421,0.3202,5.6846,0.3188,5.5459,0.3092,0.5903,0.3529,0.5610,0.3588,0.6135,0.3939,0.5863,0.3552,0.5624,0.3519,0.5741,0.3550,5.4202,0.2882,5.3916,0.3085,5.5418,0.3068,5.3320,0.2992,5.5463,0.3119,59.6437,5.2884,2.4438,0.0272
158,5.8858,0.3152,7.0350,0.3755,5.7561,0.3166,5.5425,0.3202,5.7123,0.3126,0.6042,0.3626,0.5834,0.3498,0.5441,0.3450,0.5548,0.3345,0.5615,0.3488,0.5565,0.3593,5.1880,0.2825,5.4667,0.2894,5.7700,0.5479,5.5056,0.3092,5.6958,0.3004,60.9622,5.4696,2.5387,0.0593
159,6.0856,0.3369,5.8539,0.3254,5.5902,0.3152,5.6329,0.3080,5.4190,0.3088,0.5720,0.3583,0.5820,0.3726,0.5593,0.3498,0.5641,0.3326,0.5784,0.3362,0.5527,0.3469,5.4748,0.2906,5.5199,0.3021,5.7483,0.3102,5.5919,0.3099,5.4274,0.3107,59.7522,5.2142,2.4578,0.0221
160,6.0432,0.3247,5.6732,0.4570,5.8124,0.3204,5.5790,0.3159,5.6703,0.3121,0.5970,0.3784,0.6075,0.4091,0.5887,0.3698,0.5789,0.3645,0.5543,0.3433,0.5651,0.3390,5.2159,0.2871,5.5039,0.2887,5.4905,0.2935,5.5327,0.2933,5.5327,0.3121,59.5453,5.4090,2.4375,0.0460
161,5.9960,0.3288,5.8053,0.3209,5.8310,0.3066,5.7673,0.2999,5.5487,0.3188,0.5946,0.3710,0.5581,0.3643,0.6058,0.3784,0.5698,0.3741,0.5503,0.3541,0.5515,0.3471,5.5857,0.2959,5.5494,0.2956,5.4748,0.3085,5.5621,0.2968,5.7902,0.3076,60.3406,5.2683,2.4817,0.0297
162,6.0201,0.3278,5.8126,0.3300,5.6551,0.3209,5.6393,0.3085,5.7521,0.3211,0.5832,0.3846,0.5734,0.3524,0.5565,0.3345,0.5937,0.3529,0.5639,0.3412,0.5472,0.3445,5.4462,0.2825,5.4827,0.2904,5.5122,0.3538,5.6846,0.3037,5.4710,0.3107,59.8936,5.2595,2.4621,0.0255
163,6.2895,0.5410,5.8539,0.4463,5.6865,0.3335,5.6493,0.3185,5.4853,0.3109,0.5612,0.3605,0.5736,0.3493,0.5429,0.3376,0.5298,0.3395,0.5350,0.3364,0.5560,0.3459,5.3871,0.2735,5.3856,0.2859,5.4400,0.2842,5.5354,0.3040,5.5850,0.3061,59.5961,5.4731,2.4679,0.0644
164,6.0799,0.3114,7.4980,0.3314,5.5292,0.3247,7.1092,0.3181,5.4426,0.3014,0.5705,0.3572,0.5448,0.3476,0.5522,0.3397,0.5839,0.3877,0.5703,0.3586,0.5527,0.3340,5.5256,0.2854,5.6489,0.2871,5.2800,0.3064,5.6255,0.3066,5.5003,0.3052,62.6135,5.2023,2.6577,0.0272
165,6.0117,0.3388,5.8041,0.3228,5.6782,0.3057,5.7428,0.3104,5.4998,0.2947,0.5527,0.3469,0.5357,0.3502,0.5462,0.3271,0.5329,0.3269,0.5233,0.3226,0.5066,0.3133,5.4538,0.2706,5.3897,0.3009,5.4626,0.2804,5.4672,0.2928,5.5056,0.2947,59.2129,4.9987,2.4584,0.0223
166,6.1247,0.3467,5.7914,0.3290,5.6677,0.3097,5.7325,0.3049,5.5821,0.3138,0.5763,0.3464,0.5527,0.3452,0.5577,0.3333,0.5434,0.3264,0.5453,0.3314,0.5233,0.3340,5.5115,0.2921,5.3532,0.3004,5.4636,0.3057,5.5974,0.3126,5.5134,0.3011,59.6361,5.1327,2.4666,0.0173
167,7.0765,0.4985,5.7998,0.3326,5.6422,0.3154,5.8467,0.3011,5.6880,0.3226,0.5689,0.3519,0.5646,0.3388,0.5369,0.3257,0.5131,0.3235,0.5090,0.3226,0.5298,0.3450,5.3873,0.2856,5.4739,0.2892,5.4069,0.2961,5.6834,0.3088,5.6295,0.2997,60.8563,5.2571,2.5564,0.0478
168,6.1843,0.3324,5.8162,0.3228,5.4948,0.3066,5.6312,0.3011,5.7282,0.3102,0.5624,0.3538,0.5522,0.3588,0.5429,0.3638,0.5155,0.3319,0.5140,0.3316,0.5434,0.3452,5.3928,0.2818,5.4617,0.2816,5.4719,0.2902,5.4085,0.2937,5.5368,0.3145,59.3569,5.1200,2.4634,0.0260
169,6.6402,0.5884,5.7063,0.5608,5.8222,0.3123,5.5912,0.3262,5.6193,0.3123,0.5536,0.3703,0.5450,0.3655,0.5565,0.3495,0.5498,0.3407,0.5209,0.3417,0.5109,0.3211,5.5263,0.3493,5.4860,0.3049,5.8861,0.5977,5.6059,0.3030,5.4939,0.3004,60.6141,6.0441,2.5298,0.1006
170,6.1765,0.3226,5.9619,0.3181,5.5804,0.3061,5.6980,0.3004,5.5876,0.2935,0.5398,0.3357,0.5264,0.3285,0.5116,0.3383,0.5124,0.3271,0.5047,0.3302,0.5188,0.3290,5.8572,0.2799,5.5888,0.3181,5.8129,0.2964,5.8260,0.3083,5.3790,0.2944,60.5819,5.0266,2.5367,0.0169
171,6.5773,0.3192,5.7709,0.3238,5.8696,0.3057,5.6608,0.3047,5.6541,0.3059,0.5622,0.3564,0.5250,0.3359,0.5291,0.3269,0.5422,0.3200,0.5159,0.3309,0.5188,0.3293,5.6291,0.2966,5.4269,0.2921,5.6605,0.2823,5.5585,0.2918,5.4982,0.2816,60.4990,5.0030,2.5283,0.0204
172,6.4180,0.3271,5.9617,0.3195,5.5048,0.3252,5.7673,0.3002,5.9426,0.3128,0.5591,0.3698,0.5717,0.3479,0.5503,0.3598,0.5786,0.3505,0.5331,0.3450,0.5941,0.3295,5.6558,0.3004,5.7476,0.2868,5.7793,0.3080,5.4677,0.2897,5.8188,0.2983,61.4505,5.1703,2.5457,0.0248
173,6.3601,0.3302,5.8455,0.4435,5.9013,0.3059,5.9187,0.3047,5.7528,0.3109,0.5925,0.3557,0.5729,0.3405,0.5848,0.3645,0.6189,0.3600,0.5856,0.3519,0.5679,0.3428,5.7085,0.2966,5.8479,0.3760,5.7044,0.3057,5.7766,0.2997,5.6713,0.3138,62.0098,5.4023,2.5516,0.0371
174,6.0487,0.3214,6.2509,0.4876,5.6353,0.3147,5.8675,0.3173,5.9040,0.2987,0.5615,0.3707,0.5391,0.3524,0.5536,0.3588,0.5512,0.3636,0.5434,0.3390,0.5431,0.3297,5.5025,0.2794,5.6946,0.2992,5.6806,0.2975,5.5339,0.2947,5.7926,0.2861,61.2023,5.3110,2.5440,0.0488
175,5.9311,0.3288,6.2065,0.3383,5.8262,0.3052,6.5691,0.5443,5.6007,0.2968,0.5794,0.3614,0.5658,0.3469,0.5610,0.3428,0.5543,0.3431,0.5465,0.3490,0.5164,0.3226,5.6632,0.2880,5.4655,0.2935,5.4903,0.2954,5.8281,0.3018,5.7316,0.3047,61.6357,5.3627,2.5676,0.0587
176,7.1957,0.4458,6.6144,0.5472,5.9233,0.3233,5.6751,0.3116,5.9133,0.3223,0.5980,0.3579,0.5982,0.3631,0.5934,0.3591,0.5674,0.3455,0.5651,0.3400,0.5565,0.3347,5.4436,0.2787,5.7087,0.3202,5.6455,0.3109,5.5656,0.3083,5.4393,0.3066,62.6030,5.5752,2.6162,0.0626
177,6.1030,0.3235,7.2033,0.3266,5.6720,0.3028,5.5938,0.2921,5.6753,0.3057,0.5705,0.3552,0.5682,0.3300,0.5445,0.3300,0.5281,0.3226,0.5403,0.3352,0.5674,0.3569,5.5201,0.2906,5.5418,0.2856,5.3773,0.3014,5.5764,0.3030,5.5590,0.2987,61.1410,5.0600,2.5630,0.0213
178,5.7387,0.4199,5.7378,0.4284,5.7747,0.3259,5.6443,0.3083,5.5871,0.3226,0.5994,0.3760,0.5546,0.3555,0.5414,0.3550,0.5448,0.3572,0.5317,0.3355,0.5498,0.3643,5.4812,0.2968,5.4915,0.3080,5.6748,0.3085,5.6870,0.3085,5.4524,0.3002,59.5913,5.4705,2.4577,0.0393
179,5.8796,0.3738,5.8534,0.4976,5.5876,0.3040,5.7025,0.3088,5.4529,0.3085,0.5493,0.3648,0.5326,0.3490,0.5221,0.3250,0.5155,0.3326,0.5465,0.3419,0.5059,0.3259,5.2617,0.2775,5.4162,0.3059,5.8386,0.2978,5.5830,0.3374,5.4178,0.2937,59.1652,5.3442,2.4601,0.0493
180,5.7011,0.3154,5.9311,0.3426,5.6081,0.3169,5.4553,0.3071,5.4643,0.3097,0.5341,0.3648,0.5193,0.3440,0.5188,0.3405,0.5248,0.3371,0.5150,0.3300,0.5293,0.3502,5.3229,0.2799,6.5072,0.3026,5.6522,0.3016,5.7645,0.2975,5.4181,0.2949,59.9658,5.1348,2.5107,0.0230
181,6.1438,0.3371,5.7681,0.3200,5.7421,0.3073,5.5168,0.2973,5.3699,0.2978,0.5410,0.3541,0.5412,0.3471,0.5286,0.3457,0.5469,0.3421,0.5484,0.3622,0.5345,0.3479,5.5435,0.2959,5.2071,0.2949,5.4355,0.2980,5.5048,0.3102,5.4452,0.2975,58.9173,5.1551,2.4418,0.0241
182,6.0031,0.3278,5.9271,0.4425,5.7173,0.3114,5.5518,0.3173,5.6784,0.3035,0.5522,0.3529,0.5174,0.3338,0.5469,0.3467,0.5245,0.3307,0.5245,0.3371,0.4997,0.3326,5.2545,0.2682,5.3532,0.3040,5.5528,0.3009,5.3842,0.2947,5.5473,0.3645,59.1350,5.2686,2.4609,0.0375
183,6.0742,0.3264,5.7344,0.4010,5.6136,0.3185,5.7290,0.3159,5.6741,0.3374,0.6077,0.3879,0.5693,0.3667,0.5739,0.3464,0.5555,0.3362,0.5779,0.3557,0.5608,0.3357,5.5661,0.2952,5.6016,0.3133,5.5091,0.3042,5.5943,0.3169,5.4557,0.3083,59.9973,5.3656,2.4632,0.0290
184,6.3810,0.5326,5.5218,0.5007,5.4595,0.3116,5.6849,0.3026,5.5363,0.3068,0.5624,0.3345,0.5248,0.3548,0.5379,0.3335,0.5252,0.3171,0.5436,0.3264,0.5403,0.3347,5.4004,0.2930,5.1484,0.2980,5.4221,0.2954,5.4002,0.2983,5.3608,0.2971,58.5496,5.4371,2.4296,0.0693
185,6.4270,0.3560,5.8384,0.3524,5.6264,0.3147,5.6863,0.2980,5.4245,0.3030,0.5569,0.3545,0.5662,0.3588,0.5310,0.3293,0.5391,0.3405,0.5214,0.3335,0.5157,0.3271,5.2955,0.2973,5.4319,0.2959,5.3406,0.3088,5.4700,0.3011,5.4319,0.3183,59.2029,5.1892,2.4620,0.0222
186,6.3455,0.5093,5.7449,0.5646,5.7297,0.3116,7.1204,0.2992,5.5015,0.3200,0.5543,0.3655,0.5710,0.3514,0.5467,0.3428,0.5400,0.3271,0.5264,0.3390,0.5150,0.3202,5.4007,0.2921,5.5315,0.3116,5.5983,0.3114,5.3916,0.2990,5.7445,0.3116,61.3620,5.5764,2.5821,0.0744
187,6.3739,0.5116,6.0425,0.5722,5.8708,0.3152,5.7344,0.3159,5.6169,0.3107,0.6297,0.3912,0.5915,0.3693,0.5782,0.3390,0.5970,0.3512,0.5951,0.3510,0.5491,0.3390,5.4960,0.2999,5.2960,0.3040,5.5585,0.3054,5.6343,0.3188,5.3000,0.3071,60.4639,5.7015,2.4827,0.0752
188,6.5691,0.3421,6.1536,0.3743,5.6384,0.3271,5.6119,0.3114,5.5039,0.3178,0.5956,0.3750,0.5612,0.3622,0.5660,0.3870,0.5455,0.3541,0.5603,0.3476,0.5512,0.3512,5.2226,0.2768,5.5480,0.3073,5.3408,0.3057,5.4524,0.3076,5.4839,0.3207,59.9043,5.3678,2.4825,0.0299
189,6.8207,0.3467,5.8284,0.3700,5.5714,0.3266,5.5323,0.3171,5.4691,0.3123,0.5882,0.3660,0.5472,0.3412,0.5519,0.3529,0.5462,0.3459,0.5553,0.3581,0.5226,0.3269,5.3985,0.2966,5.4193,0.2918,5.5177,0.3104,5.4545,0.3009,5.3983,0.3061,59.7215,5.2695,2.4851,0.0247
190,6.4843,0.3369,5.6372,0.3664,5.6062,0.3130,5.6405,0.3092,5.3251,0.3045,0.5689,0.3657,0.5291,0.3402,0.5262,0.3448,0.5450,0.3667,0.5276,0.3300,0.5107,0.3312,5.4481,0.2983,5.4841,0.3049,5.5556,0.3717,5.5251,0.3111,5.5563,0.3018,59.4699,5.2965,2.4764,0.0252
191,5.6655,0.3140,7.3125,0.3300,5.6200,0.3181,5.3818,0.3114,5.7251,0.3259,0.5846,0.3614,0.5472,0.3684,0.5286,0.3371,0.5233,0.3319,0.5350,0.3350,0.5438,0.3388,5.5850,0.2887,6.2680,0.5250,5.7495,0.3076,5.7635,0.3135,5.6984,0.3140,62.0320,5.4207,2.6149,0.0518
192,7.9587,0.5336,6.3245,0.5295,6.3007,0.4914,7.0627,0.5023,7.0574,0.5143,1.0600,0.5658,1.0147,0.5424,1.0216,0.5410,1.0233,0.5450,1.0102,0.5317,1.0006,0.5345,6.6996,0.4826,6.5136,0.4776,6.6237,0.4785,6.7394,0.4742,6.8798,0.4895,74.2905,8.2338,2.8283,0.0284
193,6.7859,0.7401,6.7136,0.4957,6.9337,0.5021,6.8510,0.4966,6.7625,0.4833,1.0204,0.5620,1.0147,0.5331,1.0157,0.5512,1.0140,0.5457,1.0195,0.5364,1.0562,0.5615,6.7754,0.4902,6.8293,0.4776,6.7232,0.5052,6.9830,0.4897,6.7225,0.4859,74.2204,8.4562,2.8013,0.0616
194,7.2629,0.7257,6.8295,0.4880,6.9349,0.4914,6.8376,0.4933,6.5987,0.4926,1.0610,0.5572,1.0526,0.5598,1.0505,0.5651,1.0638,0.5624,1.0345,0.5496,1.0519,0.5496,6.7062,0.4947,7.0095,0.4933,6.9273,0.4933,6.5863,0.4766,6.9001,0.4737,74.9073,8.4662,2.8153,0.0607
195,7.0438,0.7076,6.8374,0.5059,6.7477,0.4890,6.8867,0.4940,6.6211,0.4933,1.0195,0.5445,1.0648,0.5567,1.0560,0.5615,1.0602,0.5684,1.0397,0.5419,1.0211,0.5410,6.9518,0.5085,7.0481,0.4890,6.8099,0.4885,6.9413,0.4916,6.8789,0.4833,75.0282,8.4648,2.8257,0.0546
196,6.9268,0.4821,6.8281,0.4866,7.1023,0.4978,6.9070,0.5090,6.8173,0.5085,1.0507,0.5450,1.0245,0.5553,1.0486,0.5429,1.0190,0.5341,1.0173,0.5398,1.0562,0.5531,6.7861,0.4854,6.9039,0.4921,6.9730,0.4938,6.8054,0.4740,6.9973,0.4709,75.2635,8.1704,2.8422,0.0287
197,6.9985,0.4809,6.8047,0.5040,7.1061,0.4973,6.9814,0.5069,7.0105,0.5081,1.0402,0.5658,1.2336,0.5529,1.0357,0.5581,1.0576,0.5798,1.0612,0.5727,1.0247,0.5407,6.9857,0.4978,6.9301,0.4842,7.0662,0.5081,7.0546,0.4890,6.9900,0.5000,76.3807,8.3463,2.8657,0.0328
198,8.3644,0.4938,6.8221,0.4950,7.0844,0.5081,6.7406,0.5054,6.9022,0.5085,1.0600,0.5562,1.0512,0.5746,1.0414,0.5484,1.0581,0.5574,1.0519,0.5562,1.0149,0.5333,6.9742,0.5052,7.1471,0.4900,6.7165,0.4823,6.9239,0.4787,7.0057,0.4804,76.9587,8.2736,2.9371,0.0311
199,8.2793,0.5622,6.9659,0.4983,6.9323,0.4971,6.9203,0.5023,6.9463,0.4914,1.0660,0.5627,1.0147,0.5498,1.0538,0.5543,1.0276,0.5567,1.0183,0.5429,1.0529,0.5558,7.0078,0.4873,6.6299,0.4783,7.1449,0.5035,7.9136,0.4740,7.0069,0.4854,77.9805,8.3020,2.9950,0.0329
200,8.3923,0.4866,6.9304,0.4802,6.9883,0.4897,7.0095,0.4895,7.0603,0.4942,1.0223,0.5517,1.0228,0.5417,1.0228,0.5448,1.0564,0.5667,1.0128,0.5338,1.0202,0.5479,7.0393,0.4768,7.0608,0.5105,7.1018,0.5066,6.9451,0.4900,7.1156,0.5069,77.8008,8.2176,2.9895,0.0285
201,7.2773,0.4919,6.9842,0.4961,6.8655,0.5081,7.0605,0.5050,7.1499,0.5009,1.0595,0.5600,1.0633,0.5715,1.0307,0.5343,1.0645,0.5605,1.0548,0.5510,1.0655,0.5651,6.9973,0.4923,7.1542,0.4938,6.9892,0.5121,7.0677,0.4909,6.8970,0.4728,76.7813,8.3063,2.9004,0.0314
